,Gender,Gender Code,Deaths,Population,Death Rate
0,Female,F,109681,2763843870.0,3.968422427566431
1,Male,M,204081,2671902519.0,7.638040630179143
