Gender,Gender Code,Deaths,Population,Death Rate
Female,F,109681,2763843870,3.968422428
Male,M,204081,2671902519,7.63804063
